,step,loss,accuracy
0,100.0,2.1113582015037538,27.890625
1,200.0,1.2765377980470658,44.1953125
2,300.0,0.5324627979099751,57.34375
3,400.0,0.2933290963619947,65.796875
4,500.0,0.2342782097309828,71.259375
5,600.0,0.20720509223639966,75.0390625
6,700.0,0.14751942548900843,77.94419642857143
7,800.0,0.13833471707999706,80.173828125
8,900.0,0.12865752402693034,81.94097222222223
