,step,loss,accuracy
0,100.0,2.195888880491257,22.765625
1,200.0,1.7956165266036987,30.5078125
2,300.0,1.3327012109756469,39.25
3,400.0,0.8606690141558647,47.5703125
4,500.0,0.5715525749325753,54.121875
5,600.0,0.4742703963816166,58.966145833333336
6,700.0,0.39373245820403097,62.816964285714285
7,800.0,0.38928984209895134,65.6953125
8,900.0,0.3791044719517231,67.91840277777777
