,step,loss,accuracy
0,100.0,2.181724866628647,21.28125
1,200.0,2.2873610401153566,15.671875
2,300.0,2.2135713791847227,15.067708333333334
3,400.0,2.01467777132988,18.31640625
4,500.0,1.5396642202138902,24.296875
5,600.0,0.9559789529442787,31.9140625
6,700.0,0.6666726708412171,38.700892857142854
7,800.0,0.4962817829847336,44.330078125
8,900.0,0.40120880052447316,49.00694444444444
