,step,loss,accuracy
0,100.0,2.122212792634964,27.6875
1,200.0,1.4013160133361817,41.7734375
2,300.0,0.7538669049739838,53.677083333333336
3,400.0,0.4978929804265499,61.14453125
4,500.0,0.2974661063030362,67.165625
5,600.0,0.20532023917883635,71.63020833333333
6,700.0,0.16302190627902746,74.97991071428571
7,800.0,0.15128888871520757,77.53515625
8,900.0,0.12357235670089722,79.59027777777777
