,step,loss,accuracy
0,100.0,2.178984352350235,24.125
1,200.0,1.646874532699585,35.640625
2,300.0,1.2863149201869966,42.364583333333336
3,400.0,0.8131707561016083,49.7265625
4,500.0,0.7037510147690773,54.571875
5,600.0,0.6317263716459274,58.2734375
6,700.0,0.6107701891660691,60.854910714285715
7,800.0,0.5887791466712952,62.9140625
8,900.0,0.5794064606726169,64.51215277777777
