,step,loss,accuracy
0,100.0,2.1222123646736146,27.6875
1,200.0,1.3129794225096703,43.484375
2,300.0,0.5298201498389244,56.989583333333336
3,400.0,0.2925205993652344,65.58984375
4,500.0,0.24186967201530934,71.028125
5,600.0,0.1970504814386368,74.89322916666667
6,700.0,0.15538872309029103,77.83035714285714
7,800.0,0.14878277026116848,80.029296875
8,900.0,0.1213548581674695,81.83159722222223
