,step,loss,accuracy
0,100.0,2.2067744290828704,21.671875
1,200.0,1.8805724465847016,27.953125
2,300.0,1.343888217806816,36.088541666666664
3,400.0,1.2224113976955413,41.09375
4,500.0,0.9820235484838485,45.4875
5,600.0,0.9020542299747467,48.838541666666664
6,700.0,0.831181053519249,51.47544642857143
7,800.0,0.8376466184854507,53.51171875
8,900.0,0.6818994855880738,55.732638888888886
